Pos,Driver,Constructor,Points,Wins,Year
1,Nino Farina,Alfa Romeo,30,3,1950
2,Juan Fangio,Alfa Romeo,27,3,1950
3,Luigi Fagioli,Alfa Romeo,24,0,1950
4,Louis Rosier,Talbot-Lago,13,0,1950
5,Alberto Ascari,Ferrari,11,0,1950
6,Johnnie Parsons,Kurtis Kraft,9,1,1950
7,Bill Holland,Deidt,6,0,1950
8,Prince Bira,Maserati,5,0,1950
9,Peter Whitehead,Ferrari,4,0,1950
10,Louis Chiron,Maserati,4,0,1950
11,Reg Parnell,Alfa Romeo/Maserati,4,0,1950
12,Mauri Rose,Deidt,4,0,1950
13,Dorino Serafini,Ferrari,3,0,1950
14,Yves Cabantous,Talbot-Lago,3,0,1950
15,Raymond Sommer,Ferrari/Talbot-Lago,3,0,1950
16,Robert Manzon,Simca,3,0,1950
17,Cecil Green,Kurtis Kraft,3,0,1950
18,Philippe Étancelin,Talbot-Lago,3,0,1950
19,Felice Bonetto,Maserati/Milano,2,0,1950
20,Eugène Chaboud,Talbot-Lago,1,0,1950
1,Juan Fangio,Alfa Romeo,31,3,1951
2,Alberto Ascari,Ferrari,25,2,1951
3,José Froilán González,Talbot-Lago/Ferrari,24,1,1951
4,Nino Farina,Alfa Romeo,19,1,1951
5,Luigi Villoresi,Ferrari,15,0,1951
6,Piero Taruffi,Ferrari,10,0,1951
7,Lee Wallard,Kurtis Kraft,9,1,1951
8,Felice Bonetto,Alfa Romeo,7,0,1951
9,Mike Nazaruk,Kurtis Kraft,6,0,1951
10,Reg Parnell,Ferrari/BRM,5,0,1951
11,Luigi Fagioli,Alfa Romeo,4,1,1951
12,Consalvo Sanesi,Alfa Romeo,3,0,1951
13,Louis Rosier,Talbot-Lago,3,0,1951
14,Andy Linden,Sherman,3,0,1951
15,Jack McGrath,Kurtis Kraft,2,0,1951
16,Toulo de Graffenried,Alfa Romeo/Maserati,2,0,1951
17,Yves Cabantous,Talbot-Lago,2,0,1951
18,Bobby Ball,Schroeder,2,0,1951
19,Manny Ayulo,Kurtis Kraft,2,0,1951
20,Louis Chiron,Maserati/Talbot-Lago,0,0,1951
1,Alberto Ascari,Ferrari,36,6,1952
2,Nino Farina,Ferrari,24,0,1952
3,Piero Taruffi,Ferrari,22,1,1952
4,Rudi Fischer,Ferrari,10,0,1952
5,Mike Hawthorn,Cooper,10,0,1952
6,Robert Manzon,Gordini,9,0,1952
7,Troy Ruttman,Kuzma,8,1,1952
8,Luigi Villoresi,Ferrari,8,0,1952
9,José Froilán González,Maserati,6.5,0,1952
10,Jim Rathmann,Kurtis Kraft,6,0,1952
11,Jean Behra,Gordini,6,0,1952
12,Sam Hanks,Kurtis Kraft,4,0,1952
13,Ken Wharton,Frazer Nash/Cooper,3,0,1952
14,Dennis Poore,Connaught,3,0,1952
15,Duane Carter,Lesovsky,3,0,1952
16,Alan Brown,Cooper,2,0,1952
17,Maurice Trintignant,Simca/Gordini,2,0,1952
18,Paul Frère,HWM/Simca,2,0,1952
19,Felice Bonetto,Maserati,2,0,1952
20,Art Cross,Kurtis Kraft,2,0,1952
1,Alberto Ascari,Ferrari,34.5,5,1953
2,Juan Fangio,Maserati,28,1,1953
3,Nino Farina,Ferrari,26,1,1953
4,Mike Hawthorn,Ferrari,19,1,1953
5,Luigi Villoresi,Ferrari,17,0,1953
6,José Froilán González,Maserati,13.5,0,1953
7,Bill Vukovich,Kurtis Kraft,9,1,1953
8,Toulo de Graffenried,Maserati,7,0,1953
9,Felice Bonetto,Maserati,6.5,0,1953
10,Art Cross,Kurtis Kraft,6,0,1953
11,Onofre Marimón,Maserati,4,0,1953
12,Maurice Trintignant,Gordini,4,0,1953
13,Duane Carter,Lesovsky/Kurtis Kraft,2,0,1953
14,Sam Hanks,Kurtis Kraft,2,0,1953
15,Oscar Gálvez,Maserati,2,0,1953
16,Hermann Lang,Maserati,2,0,1953
17,Jack McGrath,Kurtis Kraft,2,0,1953
18,Paul Russo,Kurtis Kraft,1.5,0,1953
19,Fred Agabashian,Kurtis Kraft,1.5,0,1953
20,Stirling Moss,Connaught/Cooper,0,0,1953
1,Juan Fangio,Maserati/Mercedes,42,6,1954
2,José Froilán González,Ferrari,25.14,1,1954
3,Mike Hawthorn,Ferrari,24.64,1,1954
4,Maurice Trintignant,Ferrari,17,0,1954
5,Karl Kling,Mercedes,12,0,1954
6,Bill Vukovich,Kurtis Kraft,8,1,1954
7,Hans Herrmann,Mercedes,8,0,1954
8,Nino Farina,Ferrari,6,0,1954
9,Luigi Musso,Maserati,6,0,1954
10,Jimmy Bryan,Kuzma,6,0,1954
11,Roberto Mieres,Maserati,6,0,1954
12,Jack McGrath,Kurtis Kraft,5,0,1954
13,Onofre Marimón,Maserati,4.14,0,1954
14,Robert Manzon,Ferrari,4,0,1954
15,Stirling Moss,Maserati,4,0,1954
16,Sergio Mantovani,Maserati,4,0,1954
17,Prince Bira,Maserati,3,0,1954
18,Umberto Maglioli,Ferrari,2,0,1954
19,André Pilette,Gordini,2,0,1954
20,Luigi Villoresi,Maserati/Lancia,2,0,1954
1,Juan Fangio,Mercedes,40,4,1955
2,Stirling Moss,Mercedes,23,1,1955
3,Eugenio Castellotti,Lancia/Ferrari,12,0,1955
4,Maurice Trintignant,Ferrari,11.33,1,1955
5,Nino Farina,Ferrari,10.33,0,1955
6,Piero Taruffi,Ferrari/Mercedes,9,0,1955
7,Bob Sweikert,Kurtis Kraft,8,1,1955
8,Roberto Mieres,Maserati,7,0,1955
9,Jean Behra,Maserati,6,0,1955
10,Luigi Musso,Maserati,6,0,1955
11,Karl Kling,Mercedes,5,0,1955
12,Jimmy Davies,Kurtis Kraft,4,0,1955
13,Tony Bettenhausen,Kurtis Kraft,3,0,1955
14,Paul Russo,Kurtis Kraft,3,0,1955
15,Paul Frère,Ferrari,3,0,1955
16,Johnny Thomson,Kuzma,3,0,1955
17,José Froilán González,Ferrari,2,0,1955
18,Cesare Perdisa,Maserati,2,0,1955
19,Carlos Menditeguy,Maserati,2,0,1955
20,Luigi Villoresi,Lancia/Ferrari,2,0,1955
1,Juan Fangio,Ferrari,30,3,1956
2,Stirling Moss,Maserati,27,2,1956
3,Peter Collins,Ferrari,25,2,1956
4,Jean Behra,Maserati,22,0,1956
5,Pat Flaherty,Watson,8,1,1956
6,Eugenio Castellotti,Ferrari,7.5,0,1956
7,Paul Frère,Ferrari,6,0,1956
8,Sam Hanks,Kurtis Kraft,6,0,1956
9,Paco Godia,Maserati,6,0,1956
10,Jack Fairman,Connaught,5,0,1956
11,Luigi Musso,Ferrari,4,1,1956
12,Mike Hawthorn,Maserati/BRM/Vanwall,4,0,1956
13,Ron Flockhart,BRM/Connaught,4,0,1956
14,Don Freeland,Phillips,4,0,1956
15,Alfonso de Portago,Ferrari,3,0,1956
16,Cesare Perdisa,Maserati,3,0,1956
17,Harry Schell,Vanwall/Maserati,3,0,1956
18,Johnnie Parsons,Kurtis Kraft,3,0,1956
19,Louis Rosier,Maserati,2,0,1956
20,Luigi Villoresi,Maserati,2,0,1956
1,Juan Fangio,Maserati,40,4,1957
2,Stirling Moss,Maserati/Vanwall,25,3,1957
3,Luigi Musso,Ferrari,16,0,1957
4,Mike Hawthorn,Ferrari,13,0,1957
5,Tony Brooks,Vanwall,11,1,1957
6,Masten Gregory,Maserati,10,0,1957
7,Harry Schell,Maserati,10,0,1957
8,Sam Hanks,Epperly,8,1,1957
9,Peter Collins,Ferrari,8,0,1957
10,Jim Rathmann,Epperly,7,0,1957
11,Jean Behra,Maserati,6,0,1957
12,Stuart Lewis-Evans,Connaught/Vanwall,5,0,1957
13,Maurice Trintignant,Ferrari,5,0,1957
14,Wolfgang von Trips,Ferrari,4,0,1957
15,Carlos Menditeguy,Maserati,4,0,1957
16,Jimmy Bryan,Kuzma,4,0,1957
17,Paul Russo,Kurtis Kraft,3,0,1957
18,Roy Salvadori,BRM/Vanwall/Cooper,2,0,1957
19,Andy Linden,Kurtis Kraft,2,0,1957
20,Giorgio Scarlatti,Maserati,1,0,1957
1,Mike Hawthorn,Ferrari,42,1,1958
2,Stirling Moss,Cooper/Vanwall,41,4,1958
3,Tony Brooks,Vanwall,24,3,1958
4,Roy Salvadori,Cooper,15,0,1958
5,Peter Collins,Ferrari,14,1,1958
6,Harry Schell,Maserati/BRM,14,0,1958
7,Maurice Trintignant,Cooper/Maserati/BRM,12,1,1958
8,Luigi Musso,Ferrari,12,0,1958
9,Stuart Lewis-Evans,Vanwall,11,0,1958
10,Phil Hill,Maserati/Ferrari,9,0,1958
11,Wolfgang von Trips,Ferrari,9,0,1958
12,Jean Behra,Maserati/BRM,9,0,1958
13,Jimmy Bryan,Epperly,8,1,1958
14,Juan Fangio,Maserati,7,0,1958
15,George Amick,Epperly,6,0,1958
16,Johnny Boyd,Kurtis Kraft,4,0,1958
17,Tony Bettenhausen,Epperly,4,0,1958
18,Jack Brabham,Cooper,3,0,1958
19,Cliff Allison,Team Lotus/Maserati,3,0,1958
20,Jo Bonnier,Maserati/BRM,3,0,1958
1,Jack Brabham,Cooper-Climax,31,2,1959
2,Tony Brooks,Ferrari/Vanwall,27,2,1959
3,Stirling Moss,Cooper-Climax/BRM,25.5,2,1959
4,Phil Hill,Ferrari,20,0,1959
5,Maurice Trintignant,Cooper-Climax,19,0,1959
6,Bruce McLaren,Cooper-Climax,16.5,1,1959
7,Dan Gurney,Ferrari,13,0,1959
8,Jo Bonnier,BRM,10,1,1959
9,Masten Gregory,Cooper-Climax,10,0,1959
10,Rodger Ward,Watson/Kurtis Kraft,8,1,1959
11,Jim Rathmann,Watson,6,0,1959
12,Johnny Thomson,Lesovsky,5,0,1959
13,Harry Schell,BRM/Cooper-Climax,5,0,1959
14,Innes Ireland,Team Lotus,5,0,1959
15,Olivier Gendebien,Ferrari,3,0,1959
16,Tony Bettenhausen,Epperly,3,0,1959
17,Cliff Allison,Ferrari,2,0,1959
18,Jean Behra,Ferrari,2,0,1959
19,Paul Goldsmith,Epperly,2,0,1959
20,Roy Salvadori,Cooper-Maserati/Aston Martin,0,0,1959
1,Jack Brabham,Cooper-Climax,43,5,1960
2,Bruce McLaren,Cooper-Climax,34,1,1960
3,Stirling Moss,Cooper-Climax/Team Lotus,19,2,1960
4,Innes Ireland,Team Lotus,18,0,1960
5,Phil Hill,Ferrari/Cooper-Climax,16,1,1960
6,Olivier Gendebien,Cooper-Climax,10,0,1960
7,Wolfgang von Trips,Ferrari/Cooper-Maserati,10,0,1960
8,Jim Rathmann,Watson,8,1,1960
9,Richie Ginther,Ferrari/Scarab,8,0,1960
10,Jim Clark,Team Lotus,8,0,1960
11,Tony Brooks,Cooper-Climax/Vanwall,7,0,1960
12,John Surtees,Team Lotus,6,0,1960
13,Cliff Allison,Ferrari,6,0,1960
14,Rodger Ward,Watson,6,0,1960
15,Graham Hill,BRM,4,0,1960
16,Willy Mairesse,Ferrari,4,0,1960
17,Paul Goldsmith,Epperly,4,0,1960
18,Jo Bonnier,BRM,4,0,1960
19,Henry Taylor,Cooper-Climax,3,0,1960
20,Don Branson,Phillips,3,0,1960
1,Phil Hill,Ferrari,34,2,1961
2,Wolfgang von Trips,Ferrari,33,2,1961
3,Stirling Moss,Lotus-Climax/Ferguson,21,2,1961
4,Dan Gurney,Porsche,21,0,1961
5,Richie Ginther,Ferrari,16,0,1961
6,Innes Ireland,Lotus-Climax,12,1,1961
7,Jim Clark,Lotus-Climax,11,0,1961
8,Bruce McLaren,Cooper-Climax,11,0,1961
9,Giancarlo Baghetti,Ferrari,9,1,1961
10,Tony Brooks,BRM,6,0,1961
11,Jack Brabham,Cooper-Climax,4,0,1961
12,John Surtees,Cooper-Climax,4,0,1961
13,Jackie Lewis,Cooper-Climax,3,0,1961
14,Olivier Gendebien,Emeryson/Ferrari/Lotus-Climax,3,0,1961
15,Jo Bonnier,Porsche,3,0,1961
16,Graham Hill,BRM,3,0,1961
17,Roy Salvadori,Cooper-Climax,2,0,1961
18,Maurice Trintignant,Cooper-Maserati,0,0,1961
19,Carel Godin de Beaufort,Porsche,0,0,1961
20,Lorenzo Bandini,Cooper-Maserati,0,0,1961
1,Graham Hill,BRM,42,4,1962
2,Jim Clark,Lotus-Climax,30,3,1962
3,Bruce McLaren,Cooper-Climax,27,1,1962
4,John Surtees,Lola,19,0,1962
5,Dan Gurney,Porsche/Lotus-BRM,15,1,1962
6,Phil Hill,Ferrari,14,0,1962
7,Tony Maggs,Cooper-Climax,13,0,1962
8,Richie Ginther,BRM,10,0,1962
9,Jack Brabham,Lotus-Climax/Brabham,9,0,1962
10,Trevor Taylor,Lotus-Climax,6,0,1962
11,Giancarlo Baghetti,Ferrari,5,0,1962
12,Lorenzo Bandini,Ferrari,4,0,1962
13,Ricardo Rodríguez,Ferrari,4,0,1962
14,Willy Mairesse,Ferrari,3,0,1962
15,Jo Bonnier,Porsche,3,0,1962
16,Innes Ireland,Lotus-Climax,2,0,1962
17,Carel Godin de Beaufort,Porsche,2,0,1962
18,Masten Gregory,Lotus-Climax/Lotus-BRM,1,0,1962
19,Neville Lederle,Lotus-Climax,1,0,1962
20,Maurice Trintignant,Lotus-Climax,0,0,1962
1,Jim Clark,Lotus-Climax,54,7,1963
2,Graham Hill,BRM,29,2,1963
3,Richie Ginther,BRM,29,0,1963
4,John Surtees,Ferrari,22,1,1963
5,Dan Gurney,Brabham,19,0,1963
6,Bruce McLaren,Cooper-Climax,17,0,1963
7,Jack Brabham,Lotus-Climax/Brabham,14,0,1963
8,Tony Maggs,Cooper-Climax,9,0,1963
9,Innes Ireland,Lotus-BRM/BRP,6,0,1963
10,Lorenzo Bandini,BRM/Ferrari,6,0,1963
11,Jo Bonnier,Cooper-Climax,6,0,1963
12,Gerhard Mitter,Porsche,3,0,1963
13,Jim Hall,Lotus-BRM,3,0,1963
14,Carel Godin de Beaufort,Porsche,2,0,1963
15,Jo Siffert,Lotus-BRM,1,0,1963
16,Trevor Taylor,Lotus-Climax,1,0,1963
17,Ludovico Scarfiotti,Ferrari,1,0,1963
18,Chris Amon,Lola/Lotus-BRM,0,0,1963
19,Hap Sharp,Lotus-BRM,0,0,1963
20,Peter Broeker,Stebro,0,0,1963
1,John Surtees,Ferrari,40,2,1964
2,Graham Hill,BRM,39,2,1964
3,Jim Clark,Lotus-Climax,32,3,1964
4,Lorenzo Bandini,Ferrari,23,1,1964
5,Richie Ginther,BRM,23,0,1964
6,Dan Gurney,Brabham-Climax,19,2,1964
7,Bruce McLaren,Cooper-Climax,13,0,1964
8,Jack Brabham,Brabham-Climax,11,0,1964
9,Peter Arundell,Lotus-Climax,11,0,1964
10,Jo Siffert,Lotus-BRM/Brabham-BRM/Brabham-Climax,7,0,1964
11,Bob Anderson,Brabham-Climax,5,0,1964
12,Mike Spence,Lotus-Climax,4,0,1964
13,Tony Maggs,BRM,4,0,1964
14,Innes Ireland,Lotus-BRM/BRP,4,0,1964
15,Jo Bonnier,Cooper-Climax/Brabham-BRM/Brabham-Climax,3,0,1964
16,Chris Amon,Lotus-BRM/Lotus-Climax,2,0,1964
17,Maurice Trintignant,BRM,2,0,1964
18,Walt Hansgen,Lotus-Climax,2,0,1964
19,Phil Hill,Cooper-Climax,1,0,1964
20,Trevor Taylor,BRP/Lotus-BRM,1,0,1964
1,Jim Clark,Lotus-Climax,54,6,1965
2,Graham Hill,BRM,40,2,1965
3,Jackie Stewart,BRM,33,1,1965
4,Dan Gurney,Brabham-Climax,25,0,1965
5,John Surtees,Ferrari,17,0,1965
6,Lorenzo Bandini,Ferrari,13,0,1965
7,Richie Ginther,Honda,11,1,1965
8,Mike Spence,Lotus-Climax,10,0,1965
9,Bruce McLaren,Cooper-Climax,10,0,1965
10,Jack Brabham,Brabham-Climax,9,0,1965
11,Denny Hulme,Brabham-Climax,5,0,1965
12,Jo Siffert,Brabham-BRM,5,0,1965
13,Jochen Rindt,Cooper-Climax,4,0,1965
14,Pedro Rodríguez,Ferrari,2,0,1965
15,Ronnie Bucknum,Honda,2,0,1965
16,Richard Attwood,Lotus-BRM,2,0,1965
17,Jo Bonnier,Brabham-Climax,0,0,1965
18,Frank Gardner,Brabham-BRM,0,0,1965
19,Masten Gregory,BRM,0,0,1965
20,Bob Anderson,Brabham-Climax,0,0,1965
1,Jack Brabham,Brabham-Repco,42,4,1966
2,John Surtees,Ferrari/Cooper-Maserati,28,2,1966
3,Jochen Rindt,Cooper-Maserati,22,0,1966
4,Denny Hulme,Brabham-Climax/Brabham-Repco,18,0,1966
5,Graham Hill,BRM,17,0,1966
6,Jim Clark,Lotus-Climax/Lotus-BRM,16,1,1966
7,Jackie Stewart,BRM,14,1,1966
8,Mike Parkes,Ferrari,12,0,1966
9,Lorenzo Bandini,Ferrari,12,0,1966
10,Ludovico Scarfiotti,Ferrari,9,1,1966
11,Richie Ginther,Cooper-Maserati/Honda,5,0,1966
12,Dan Gurney,Eagle-Climax/Eagle-Weslake,4,0,1966
13,Mike Spence,Lotus-BRM,4,0,1966
14,Bob Bondurant,BRM/Eagle-Climax/Eagle-Weslake,3,0,1966
15,Jo Siffert,Brabham-BRM/Cooper-Maserati,3,0,1966
16,Bruce McLaren,McLaren-Ford/McLaren-Serenissima,3,0,1966
17,Peter Arundell,Lotus-BRM/Lotus-Climax,1,0,1966
18,Jo Bonnier,Cooper-Maserati/Brabham-Climax,1,0,1966
19,Bob Anderson,Brabham-Climax,1,0,1966
20,John Taylor,Brabham-BRM,1,0,1966
1,Denny Hulme,Brabham-Repco,51,2,1967
2,Jack Brabham,Brabham-Repco,46,2,1967
3,Jim Clark,Lotus-BRM/Lotus-Climax/Lotus-Ford,41,4,1967
4,John Surtees,Honda,20,1,1967
5,Chris Amon,Ferrari,20,0,1967
6,Pedro Rodríguez,Cooper-Maserati,15,1,1967
7,Graham Hill,Lotus-BRM/Lotus-Ford,15,0,1967
8,Dan Gurney,Eagle-Climax/Eagle-Weslake,13,1,1967
9,Jackie Stewart,BRM,10,0,1967
10,Mike Spence,BRM,9,0,1967
11,John Love,Cooper-Climax,6,0,1967
12,Jo Siffert,Cooper-Maserati,6,0,1967
13,Jochen Rindt,Cooper-Maserati,6,0,1967
14,Bruce McLaren,McLaren-BRM/Eagle-Weslake,3,0,1967
15,Jo Bonnier,Cooper-Maserati,3,0,1967
16,Chris Irwin,Lotus-BRM/BRM,2,0,1967
17,Bob Anderson,Brabham-Climax,2,0,1967
18,Mike Parkes,Ferrari,2,0,1967
19,Jacky Ickx,Matra/Cooper-Maserati,1,0,1967
20,Ludovico Scarfiotti,Ferrari/Eagle-Weslake,1,0,1967
1,Graham Hill,Lotus-Ford,48,3,1968
2,Jackie Stewart,Matra-Ford,36,3,1968
3,Denny Hulme,McLaren-BRM/McLaren-Ford/McLaren,33,2,1968
4,Jacky Ickx,Ferrari,27,1,1968
5,Bruce McLaren,McLaren-Ford/McLaren,22,1,1968
6,Pedro Rodríguez,BRM,18,0,1968
7,Jo Siffert,Cooper-Maserati/Lotus-Ford,12,1,1968
8,John Surtees,Honda,12,0,1968
9,Jean-Pierre Beltoise,Matra-Ford/Matra,11,0,1968
10,Chris Amon,Ferrari,10,0,1968
11,Jim Clark,Lotus-Ford,9,1,1968
12,Jochen Rindt,Brabham-Repco,8,0,1968
13,Richard Attwood,BRM,6,0,1968
14,Johnny Servoz-Gavin,Matra-Ford/Cooper-BRM,6,0,1968
15,Jackie Oliver,Lotus-Ford,6,0,1968
16,Ludovico Scarfiotti,Cooper-BRM,6,0,1968
17,Lucien Bianchi,Cooper-BRM,5,0,1968
18,Vic Elford,Cooper-BRM,5,0,1968
19,Brian Redman,Cooper-Maserati/Cooper-BRM,4,0,1968
20,Piers Courage,BRM,4,0,1968
1,Jackie Stewart,Matra-Ford,63,6,1969
2,Jacky Ickx,Brabham-Ford,37,2,1969
3,Bruce McLaren,McLaren-Ford,26,0,1969
4,Jochen Rindt,Lotus-Ford,22,1,1969
5,Jean-Pierre Beltoise,Matra-Ford/McLaren-Ford,21,0,1969
6,Denny Hulme,McLaren-Ford,20,1,1969
7,Graham Hill,Lotus-Ford,19,1,1969
8,Piers Courage,Brabham-Ford,16,0,1969
9,Jo Siffert,Lotus-Ford,15,0,1969
10,Jack Brabham,Brabham-Ford,14,0,1969
11,John Surtees,BRM,6,0,1969
12,Chris Amon,Ferrari,4,0,1969
13,Richard Attwood,Lotus-Ford,3,0,1969
14,Vic Elford,Cooper-Maserati/McLaren-Ford,3,0,1969
15,Pedro Rodríguez,BRM/Ferrari,3,0,1969
16,Silvio Moser,Brabham-Ford,1,0,1969
17,Jackie Oliver,BRM/BRM-Ford,1,0,1969
18,Johnny Servoz-Gavin,Matra-Ford,1,0,1969
19,Pete Lovely,Lotus-Ford,0,0,1969
20,Sam Tingle,Brabham-Repco,0,0,1969
1,Jochen Rindt,Team Lotus,45,5,1970
2,Jacky Ickx,Ferrari,40,3,1970
3,Clay Regazzoni,Ferrari,33,1,1970
4,Denny Hulme,McLaren-Ford,27,0,1970
5,Jackie Stewart,March/Tyrrell,25,1,1970
6,Jack Brabham,Brabham,25,1,1970
7,Pedro Rodríguez,BRM,23,1,1970
8,Chris Amon,March,23,0,1970
9,Jean-Pierre Beltoise,Matra,16,0,1970
10,Emerson Fittipaldi,Team Lotus,12,1,1970
11,Rolf Stommelen,Brabham,10,0,1970
12,Henri Pescarolo,Matra,8,0,1970
13,Graham Hill,Team Lotus,7,0,1970
14,Bruce McLaren,McLaren-Ford,6,0,1970
15,Reine Wisell,Team Lotus,4,0,1970
16,Mario Andretti,March,4,0,1970
17,Ignazio Giunti,Ferrari,3,0,1970
18,John Surtees,McLaren-Ford/Surtees,3,0,1970
19,John Miles,Team Lotus,2,0,1970
20,Jackie Oliver,BRM,2,0,1970
1,Jackie Stewart,Tyrrell,62,6,1971
2,Ronnie Peterson,March-Ford/March-Alfa Romeo,33,0,1971
3,François Cevert,Tyrrell,26,1,1971
4,Jacky Ickx,Ferrari,19,1,1971
5,Jo Siffert,BRM,19,1,1971
6,Emerson Fittipaldi,Lotus-Ford/Lotus-Pratt & Whitney,16,0,1971
7,Clay Regazzoni,Ferrari,13,0,1971
8,Mario Andretti,Ferrari,12,1,1971
9,Peter Gethin,McLaren/BRM,9,1,1971
10,Pedro Rodríguez,BRM,9,0,1971
11,Chris Amon,Matra,9,0,1971
12,Reine Wisell,Lotus-Ford/Lotus-Pratt & Whitney,9,0,1971
13,Denny Hulme,McLaren,9,0,1971
14,Tim Schenken,Brabham,5,0,1971
15,Howden Ganley,BRM,5,0,1971
16,Mark Donohue,McLaren,4,0,1971
17,Henri Pescarolo,March-Ford,4,0,1971
18,Mike Hailwood,Surtees,3,0,1971
19,John Surtees,Surtees,3,0,1971
20,Rolf Stommelen,Surtees,3,0,1971
1,Emerson Fittipaldi,Team Lotus,61,5,1972
2,Jackie Stewart,Tyrrell,45,4,1972
3,Denny Hulme,McLaren,39,1,1972
4,Jacky Ickx,Ferrari,27,1,1972
5,Peter Revson,McLaren,23,0,1972
6,François Cevert,Tyrrell,15,0,1972
7,Clay Regazzoni,Ferrari,15,0,1972
8,Mike Hailwood,Surtees,13,0,1972
9,Ronnie Peterson,March,12,0,1972
10,Chris Amon,Matra,12,0,1972
11,Jean-Pierre Beltoise,BRM,9,1,1972
12,Mario Andretti,Ferrari,4,0,1972
13,Howden Ganley,BRM,4,0,1972
14,Brian Redman,McLaren/BRM,4,0,1972
15,Graham Hill,Brabham,4,0,1972
16,Carlos Reutemann,Brabham,3,0,1972
17,Andrea de Adamich,Surtees,3,0,1972
18,Carlos Pace,March,3,0,1972
19,Tim Schenken,Surtees,2,0,1972
20,Arturo Merzario,Ferrari,1,0,1972
1,Jackie Stewart,Tyrrell,71,5,1973
2,Emerson Fittipaldi,Team Lotus,55,3,1973
3,Ronnie Peterson,Team Lotus,52,4,1973
4,François Cevert,Tyrrell,47,0,1973
5,Peter Revson,McLaren,38,2,1973
6,Denny Hulme,McLaren,26,1,1973
7,Carlos Reutemann,Brabham,16,0,1973
8,James Hunt,March,14,0,1973
9,Jacky Ickx,Ferrari/McLaren/Iso Marlboro,12,0,1973
10,Jean-Pierre Beltoise,BRM,9,0,1973
11,Carlos Pace,Surtees,7,0,1973
12,Arturo Merzario,Ferrari,6,0,1973
13,George Follmer,Shadow,5,0,1973
14,Jackie Oliver,Shadow,4,0,1973
15,Andrea de Adamich,Surtees/Brabham,3,0,1973
16,Wilson Fittipaldi,Brabham,3,0,1973
17,Niki Lauda,BRM,2,0,1973
18,Clay Regazzoni,BRM,2,0,1973
19,Howden Ganley,Iso Marlboro,1,0,1973
20,Gijs van Lennep,Iso Marlboro,1,0,1973
1,Emerson Fittipaldi,McLaren,55,3,1974
2,Clay Regazzoni,Ferrari,52,1,1974
3,Jody Scheckter,Tyrrell,45,2,1974
4,Niki Lauda,Ferrari,38,2,1974
5,Ronnie Peterson,Team Lotus,35,3,1974
6,Carlos Reutemann,Brabham,32,3,1974
7,Denny Hulme,McLaren,20,1,1974
8,James Hunt,March/Hesketh,15,0,1974
9,Patrick Depailler,Tyrrell,14,0,1974
10,Jacky Ickx,Team Lotus,12,0,1974
11,Mike Hailwood,McLaren,12,0,1974
12,Carlos Pace,Surtees/Brabham,11,0,1974
13,Jean-Pierre Beltoise,BRM,10,0,1974
14,Jean-Pierre Jarier,Shadow,6,0,1974
15,John Watson,Brabham,6,0,1974
16,Hans-Joachim Stuck,March,5,0,1974
17,Arturo Merzario,Iso Marlboro,4,0,1974
18,Graham Hill,Lola,1,0,1974
19,Tom Pryce,Token/Shadow,1,0,1974
20,Vittorio Brambilla,March,1,0,1974
1,Niki Lauda,Ferrari,64.5,5,1975
2,Emerson Fittipaldi,McLaren,45,2,1975
3,Carlos Reutemann,Brabham,37,1,1975
4,James Hunt,Hesketh,33,1,1975
5,Clay Regazzoni,Ferrari,25,1,1975
6,Carlos Pace,Brabham,24,1,1975
7,Jody Scheckter,Tyrrell,20,1,1975
8,Jochen Mass,McLaren,20,1,1975
9,Patrick Depailler,Tyrrell,12,0,1975
10,Tom Pryce,Shadow-Ford,8,0,1975
11,Vittorio Brambilla,March,6.5,1,1975
12,Jacques Laffite,Williams,6,0,1975
13,Ronnie Peterson,Team Lotus,6,0,1975
14,Mario Andretti,Parnelli,5,0,1975
15,Mark Donohue,Penske/March,4,0,1975
16,Jacky Ickx,Team Lotus,3,0,1975
17,Alan Jones,Hesketh/Embassy Hill,2,0,1975
18,Jean-Pierre Jarier,Shadow-Ford/Shadow-Matra,1.5,0,1975
19,Tony Brise,Williams/Embassy Hill,1,0,1975
20,Gijs van Lennep,Ensign,1,0,1975
1,James Hunt,McLaren,69,6,1976
2,Niki Lauda,Ferrari,68,5,1976
3,Jody Scheckter,Tyrrell,49,1,1976
4,Patrick Depailler,Tyrrell,39,0,1976
5,Clay Regazzoni,Ferrari,31,1,1976
6,Mario Andretti,Team Lotus/Parnelli,22,1,1976
7,John Watson,Penske,20,1,1976
8,Jacques Laffite,Ligier,20,0,1976
9,Jochen Mass,McLaren,19,0,1976
10,Gunnar Nilsson,Team Lotus,11,0,1976
11,Ronnie Peterson,Team Lotus/March,10,1,1976
12,Tom Pryce,Shadow,10,0,1976
13,Hans-Joachim Stuck,March,8,0,1976
14,Carlos Pace,Brabham-Alfa Romeo,7,0,1976
15,Alan Jones,Surtees,7,0,1976
16,Carlos Reutemann,Brabham-Alfa Romeo/Ferrari,3,0,1976
17,Emerson Fittipaldi,Fittipaldi,3,0,1976
18,Chris Amon,Ensign/Wolf,2,0,1976
19,Vittorio Brambilla,March,1,0,1976
20,Rolf Stommelen,Brabham-Alfa Romeo/Hesketh,1,0,1976
1,Niki Lauda,Ferrari,72,3,1977
2,Jody Scheckter,Wolf,55,3,1977
3,Mario Andretti,Team Lotus,47,4,1977
4,Carlos Reutemann,Ferrari,42,1,1977
5,James Hunt,McLaren,40,3,1977
6,Jochen Mass,McLaren,25,0,1977
7,Alan Jones,Shadow,22,1,1977
8,Gunnar Nilsson,Team Lotus,20,1,1977
9,Patrick Depailler,Tyrrell,20,0,1977
10,Jacques Laffite,Ligier,18,1,1977
11,Hans-Joachim Stuck,March/Brabham,12,0,1977
12,Emerson Fittipaldi,Fittipaldi,11,0,1977
13,John Watson,Brabham,9,0,1977
14,Ronnie Peterson,Tyrrell,7,0,1977
15,Carlos Pace,Brabham,6,0,1977
16,Vittorio Brambilla,Surtees,6,0,1977
17,Clay Regazzoni,Ensign,5,0,1977
18,Patrick Tambay,Surtees/Ensign,5,0,1977
19,Jean-Pierre Jarier,Penske/Shadow/Ligier,1,0,1977
20,Riccardo Patrese,Shadow,1,0,1977
1,Mario Andretti,Team Lotus,64,6,1978
2,Ronnie Peterson,Team Lotus,51,2,1978
3,Carlos Reutemann,Ferrari,48,4,1978
4,Niki Lauda,Brabham,44,2,1978
5,Patrick Depailler,Tyrrell,34,1,1978
6,John Watson,Brabham,25,0,1978
7,Jody Scheckter,Wolf,24,0,1978
8,Jacques Laffite,Ligier,19,0,1978
9,Gilles Villeneuve,Ferrari,17,1,1978
10,Emerson Fittipaldi,Fittipaldi,17,0,1978
11,Alan Jones,Williams,11,0,1978
12,Riccardo Patrese,Arrows,11,0,1978
13,James Hunt,McLaren,8,0,1978
14,Patrick Tambay,McLaren,8,0,1978
15,Didier Pironi,Tyrrell,7,0,1978
16,Clay Regazzoni,Shadow,4,0,1978
17,Jean-Pierre Jabouille,Renault,3,0,1978
18,Hans-Joachim Stuck,Shadow,2,0,1978
19,Vittorio Brambilla,Surtees,1,0,1978
20,Derek Daly,Hesketh/Ensign,1,0,1978
1,Jody Scheckter,Ferrari,51,3,1979
2,Gilles Villeneuve,Ferrari,47,3,1979
3,Alan Jones,Williams,40,4,1979
4,Jacques Laffite,Ligier,36,2,1979
5,Clay Regazzoni,Williams,29,1,1979
6,Patrick Depailler,Ligier,20,1,1979
7,Carlos Reutemann,Team Lotus,20,0,1979
8,René Arnoux,Renault,17,0,1979
9,John Watson,McLaren,15,0,1979
10,Didier Pironi,Tyrrell,14,0,1979
11,Jean-Pierre Jarier,Tyrrell,14,0,1979
12,Mario Andretti,Team Lotus,14,0,1979
13,Jean-Pierre Jabouille,Renault,9,1,1979
14,Niki Lauda,Brabham-Alfa Romeo/Brabham-Ford,4,0,1979
15,Elio de Angelis,Shadow,3,0,1979
16,Nelson Piquet,Brabham-Alfa Romeo/Brabham-Ford,3,0,1979
17,Jacky Ickx,Ligier,3,0,1979
18,Jochen Mass,Arrows,3,0,1979
19,Hans-Joachim Stuck,ATS,2,0,1979
20,Riccardo Patrese,Arrows,2,0,1979
1,Alan Jones,Williams,67,5,1980
2,Nelson Piquet,Brabham,54,3,1980
3,Carlos Reutemann,Williams,42,1,1980
4,Jacques Laffite,Ligier,34,1,1980
5,Didier Pironi,Ligier,32,1,1980
6,René Arnoux,Renault,29,2,1980
7,Elio de Angelis,Team Lotus,13,0,1980
8,Jean-Pierre Jabouille,Renault,9,1,1980
9,Riccardo Patrese,Arrows,7,0,1980
10,Keke Rosberg,Fittipaldi,6,0,1980
11,John Watson,McLaren,6,0,1980
12,Derek Daly,Tyrrell,6,0,1980
13,Jean-Pierre Jarier,Tyrrell,6,0,1980
14,Gilles Villeneuve,Ferrari,6,0,1980
15,Emerson Fittipaldi,Fittipaldi,5,0,1980
16,Alain Prost,McLaren,5,0,1980
17,Jochen Mass,Arrows,4,0,1980
18,Bruno Giacomelli,Alfa Romeo,4,0,1980
19,Jody Scheckter,Ferrari,2,0,1980
20,Mario Andretti,Team Lotus,1,0,1980
1,Nelson Piquet,Brabham,50,3,1981
2,Carlos Reutemann,Williams,49,2,1981
3,Alan Jones,Williams,46,2,1981
4,Jacques Laffite,Ligier,44,2,1981
5,Alain Prost,Renault,43,3,1981
6,John Watson,McLaren,27,1,1981
7,Gilles Villeneuve,Ferrari,25,2,1981
8,Elio de Angelis,Team Lotus,14,0,1981
9,René Arnoux,Renault,11,0,1981
10,Hector Rebaque,Brabham,11,0,1981
11,Riccardo Patrese,Arrows,10,0,1981
12,Eddie Cheever,Tyrrell,10,0,1981
13,Didier Pironi,Ferrari,9,0,1981
14,Nigel Mansell,Team Lotus,8,0,1981
15,Bruno Giacomelli,Alfa Romeo,7,0,1981
16,Marc Surer,Ensign/Theodore,4,0,1981
17,Mario Andretti,Alfa Romeo,3,0,1981
18,Andrea de Cesaris,McLaren,1,0,1981
19,Patrick Tambay,Theodore/Ligier,1,0,1981
20,Slim Borgudd,ATS,1,0,1981
1,Keke Rosberg,Williams,44,1,1982
2,Didier Pironi,Ferrari,39,2,1982
3,John Watson,McLaren,39,2,1982
4,Alain Prost,Renault,34,2,1982
5,Niki Lauda,McLaren,30,2,1982
6,René Arnoux,Renault,28,2,1982
7,Patrick Tambay,Ferrari,25,1,1982
8,Michele Alboreto,Tyrrell,25,1,1982
9,Elio de Angelis,Team Lotus,23,1,1982
10,Riccardo Patrese,Brabham,21,1,1982
11,Nelson Piquet,Brabham,20,1,1982
12,Eddie Cheever,Ligier,15,0,1982
13,Derek Daly,Theodore/Williams,8,0,1982
14,Nigel Mansell,Team Lotus,7,0,1982
15,Gilles Villeneuve,Ferrari,6,0,1982
16,Carlos Reutemann,Williams,6,0,1982
17,Andrea de Cesaris,Alfa Romeo,5,0,1982
18,Jacques Laffite,Ligier,5,0,1982
19,Mario Andretti,Williams/Ferrari,4,0,1982
20,Jean-Pierre Jarier,Osella,3,0,1982
1,Nelson Piquet,Brabham,59,3,1983
2,Alain Prost,Renault,57,4,1983
3,René Arnoux,Ferrari,49,3,1983
4,Patrick Tambay,Ferrari,40,1,1983
5,Keke Rosberg,Williams,27,1,1983
6,John Watson,McLaren,22,1,1983
7,Eddie Cheever,Renault,22,0,1983
8,Andrea de Cesaris,Alfa Romeo,15,0,1983
9,Riccardo Patrese,Brabham,13,1,1983
10,Niki Lauda,McLaren,12,0,1983
11,Jacques Laffite,Williams,11,0,1983
12,Michele Alboreto,Tyrrell,10,1,1983
13,Nigel Mansell,Team Lotus,10,0,1983
14,Derek Warwick,Toleman,9,0,1983
15,Marc Surer,Arrows,4,0,1983
16,Mauro Baldi,Alfa Romeo,3,0,1983
17,Danny Sullivan,Tyrrell,2,0,1983
18,Elio de Angelis,Team Lotus,2,0,1983
19,Bruno Giacomelli,Toleman,1,0,1983
20,Johnny Cecotto,Theodore,1,0,1983
1,Niki Lauda,McLaren,72,5,1984
2,Alain Prost,McLaren,71.5,7,1984
3,Elio de Angelis,Team Lotus,34,0,1984
4,Michele Alboreto,Ferrari,30.5,1,1984
5,Nelson Piquet,Brabham,29,2,1984
6,René Arnoux,Ferrari,27,0,1984
7,Derek Warwick,Renault,23,0,1984
8,Keke Rosberg,Williams,20.5,1,1984
9,Ayrton Senna,Toleman,13,0,1984
10,Nigel Mansell,Team Lotus,13,0,1984
11,Patrick Tambay,Renault,11,0,1984
12,Teo Fabi,Brabham,9,0,1984
13,Riccardo Patrese,Alfa Romeo,8,0,1984
14,Jacques Laffite,Williams,5,0,1984
15,Thierry Boutsen,Arrows,5,0,1984
16,Eddie Cheever,Alfa Romeo,3,0,1984
17,Stefan Johansson,Tyrrell/Toleman,3,0,1984
18,Andrea de Cesaris,Ligier,3,0,1984
19,Piercarlo Ghinzani,Osella,2,0,1984
20,Marc Surer,Arrows,1,0,1984
1,Alain Prost,McLaren,73,5,1985
2,Michele Alboreto,Ferrari,53,2,1985
3,Keke Rosberg,Williams,40,2,1985
4,Ayrton Senna,Team Lotus,38,2,1985
5,Elio de Angelis,Team Lotus,33,1,1985
6,Nigel Mansell,Williams,31,2,1985
7,Stefan Johansson,Tyrrell/Ferrari,26,0,1985
8,Nelson Piquet,Brabham,21,1,1985
9,Jacques Laffite,Ligier,16,0,1985
10,Niki Lauda,McLaren,14,1,1985
11,Thierry Boutsen,Arrows,11,0,1985
12,Patrick Tambay,Renault,11,0,1985
13,Marc Surer,Brabham,5,0,1985
14,Derek Warwick,Renault,5,0,1985
15,Philippe Streiff,Ligier/Tyrrell,4,0,1985
16,Stefan Bellof,Tyrrell,4,0,1985
17,Andrea de Cesaris,Ligier,3,0,1985
18,Ivan Capelli,Tyrrell,3,0,1985
19,René Arnoux,Ferrari,3,0,1985
20,Gerhard Berger,Arrows,3,0,1985
1,Alain Prost,McLaren,72,4,1986
2,Nigel Mansell,Williams,70,5,1986
3,Nelson Piquet,Williams,69,4,1986
4,Ayrton Senna,Team Lotus,55,2,1986
5,Stefan Johansson,Ferrari,23,0,1986
6,Keke Rosberg,McLaren,22,0,1986
7,Gerhard Berger,Benetton,17,1,1986
8,Jacques Laffite,Ligier,14,0,1986
9,Michele Alboreto,Ferrari,14,0,1986
10,René Arnoux,Ligier,14,0,1986
11,Martin Brundle,Tyrrell,8,0,1986
12,Alan Jones,Lola,4,0,1986
13,Johnny Dumfries,Team Lotus,3,0,1986
14,Philippe Streiff,Tyrrell,3,0,1986
15,Patrick Tambay,Lola,2,0,1986
16,Teo Fabi,Benetton,2,0,1986
17,Riccardo Patrese,Brabham,2,0,1986
18,Christian Danner,Osella/Arrows,1,0,1986
19,Philippe Alliot,Ligier,1,0,1986
20,Thierry Boutsen,Arrows,0,0,1986
1,Nelson Piquet,Williams,73,3,1987
2,Nigel Mansell,Williams,61,6,1987
3,Ayrton Senna,Team Lotus,57,2,1987
4,Alain Prost,McLaren,46,3,1987
5,Gerhard Berger,Ferrari,36,2,1987
6,Stefan Johansson,McLaren,30,0,1987
7,Michele Alboreto,Ferrari,17,0,1987
8,Thierry Boutsen,Benetton,16,0,1987
9,Teo Fabi,Benetton,12,0,1987
10,Eddie Cheever,Arrows,8,0,1987
11,Jonathan Palmer,Tyrrell,7,0,1987
12,Satoru Nakajima,Team Lotus,7,0,1987
13,Riccardo Patrese,Brabham/Williams,6,0,1987
14,Andrea de Cesaris,Brabham,4,0,1987
15,Philippe Streiff,Tyrrell,4,0,1987
16,Derek Warwick,Arrows,3,0,1987
17,Philippe Alliot,Larrousse,3,0,1987
18,Martin Brundle,Zakspeed,2,0,1987
19,Ivan Capelli,March,1,0,1987
20,René Arnoux,Ligier,1,0,1987
1,Ayrton Senna,McLaren,90,8,1988
2,Alain Prost,McLaren,87,7,1988
3,Gerhard Berger,Ferrari,41,1,1988
4,Thierry Boutsen,Benetton,27,0,1988
5,Michele Alboreto,Ferrari,24,0,1988
6,Nelson Piquet,Team Lotus,22,0,1988
7,Ivan Capelli,March,17,0,1988
8,Derek Warwick,Arrows,17,0,1988
9,Nigel Mansell,Williams,12,0,1988
10,Alessandro Nannini,Benetton,12,0,1988
11,Riccardo Patrese,Williams,8,0,1988
12,Eddie Cheever,Arrows,6,0,1988
13,Maurício Gugelmin,March,5,0,1988
14,Jonathan Palmer,Tyrrell,5,0,1988
15,Andrea de Cesaris,Rial,3,0,1988
16,Satoru Nakajima,Team Lotus,1,0,1988
17,Pierluigi Martini,Minardi,1,0,1988
18,Yannick Dalmas,Larrousse,0,0,1988
19,Alex Caffi,Dallara,0,0,1988
20,Martin Brundle,Williams,0,0,1988
1,Alain Prost,McLaren,76,4,1989
2,Ayrton Senna,McLaren,60,6,1989
3,Riccardo Patrese,Williams,40,0,1989
4,Nigel Mansell,Ferrari,38,2,1989
5,Thierry Boutsen,Williams,37,2,1989
6,Alessandro Nannini,Benetton,32,1,1989
7,Gerhard Berger,Ferrari,21,1,1989
8,Nelson Piquet,Team Lotus,12,0,1989
9,Jean Alesi,Tyrrell,8,0,1989
10,Derek Warwick,Arrows,7,0,1989
11,Eddie Cheever,Arrows,6,0,1989
12,Stefan Johansson,Onyx,6,0,1989
13,Michele Alboreto,Tyrrell/Larrousse,6,0,1989
14,Johnny Herbert,Benetton/Tyrrell,5,0,1989
15,Pierluigi Martini,Minardi,5,0,1989
16,Maurício Gugelmin,March,4,0,1989
17,Andrea de Cesaris,Dallara,4,0,1989
18,Stefano Modena,Brabham,4,0,1989
19,Alex Caffi,Dallara,4,0,1989
20,Martin Brundle,Brabham,4,0,1989
1,Ayrton Senna,McLaren,78,6,1990
2,Alain Prost,Ferrari,71,5,1990
3,Nelson Piquet,Benetton,43,2,1990
4,Gerhard Berger,McLaren,43,0,1990
5,Nigel Mansell,Ferrari,37,1,1990
6,Thierry Boutsen,Williams,34,1,1990
7,Riccardo Patrese,Williams,23,1,1990
8,Alessandro Nannini,Benetton,21,0,1990
9,Jean Alesi,Tyrrell,13,0,1990
10,Ivan Capelli,Leyton House,6,0,1990
11,Roberto Moreno,Euro Brun/Benetton,6,0,1990
12,Aguri Suzuki,Larrousse,6,0,1990
13,Éric Bernard,Larrousse,5,0,1990
14,Derek Warwick,Team Lotus,3,0,1990
15,Satoru Nakajima,Tyrrell,3,0,1990
16,Alex Caffi,Arrows,2,0,1990
17,Stefano Modena,Brabham,2,0,1990
18,Maurício Gugelmin,Leyton House,1,0,1990
19,Nicola Larini,Ligier,0,0,1990
20,Martin Donnelly,Team Lotus,0,0,1990
1,Ayrton Senna,McLaren,96,7,1991
2,Nigel Mansell,Williams,72,5,1991
3,Riccardo Patrese,Williams,53,2,1991
4,Gerhard Berger,McLaren,43,1,1991
5,Alain Prost,Ferrari,34,0,1991
6,Nelson Piquet,Benetton,26.5,1,1991
7,Jean Alesi,Ferrari,21,0,1991
8,Stefano Modena,Tyrrell,10,0,1991
9,Andrea de Cesaris,Jordan,9,0,1991
10,Roberto Moreno,Benetton/Jordan/Minardi,8,0,1991
11,Pierluigi Martini,Minardi,6,0,1991
12,Jyrki Järvilehto,Dallara,4,0,1991
13,Bertrand Gachot,Jordan/Larrousse,4,0,1991
14,Michael Schumacher,Jordan/Benetton,4,0,1991
15,Satoru Nakajima,Tyrrell,2,0,1991
16,Mika Häkkinen,Team Lotus,2,0,1991
17,Martin Brundle,Brabham,2,0,1991
18,Emanuele Pirro,Dallara,1,0,1991
19,Mark Blundell,Brabham,1,0,1991
20,Ivan Capelli,Leyton House,1,0,1991
1,Nigel Mansell,Williams,108,9,1992
2,Riccardo Patrese,Williams,56,1,1992
3,Michael Schumacher,Benetton,53,1,1992
4,Ayrton Senna,McLaren,50,3,1992
5,Gerhard Berger,McLaren,49,2,1992
6,Martin Brundle,Benetton,38,0,1992
7,Jean Alesi,Ferrari,18,0,1992
8,Mika Häkkinen,Team Lotus,11,0,1992
9,Andrea de Cesaris,Tyrrell,8,0,1992
10,Michele Alboreto,Footwork,6,0,1992
11,Érik Comas,Ligier,4,0,1992
12,Karl Wendlinger,March,3,0,1992
13,Ivan Capelli,Ferrari,3,0,1992
14,Thierry Boutsen,Ligier,2,0,1992
15,Johnny Herbert,Team Lotus,2,0,1992
16,Pierluigi Martini,Dallara,2,0,1992
17,Stefano Modena,Jordan,1,0,1992
18,Christian Fittipaldi,Minardi,1,0,1992
19,Bertrand Gachot,Larrousse,1,0,1992
20,Aguri Suzuki,Footwork,0,0,1992
1,Alain Prost,Williams,99,7,1993
2,Ayrton Senna,McLaren,73,5,1993
3,Damon Hill,Williams,69,3,1993
4,Michael Schumacher,Benetton,52,1,1993
5,Riccardo Patrese,Benetton,20,0,1993
6,Jean Alesi,Ferrari,16,0,1993
7,Martin Brundle,Ligier,13,0,1993
8,Gerhard Berger,Ferrari,12,0,1993
9,Johnny Herbert,Team Lotus,11,0,1993
10,Mark Blundell,Ligier,10,0,1993
11,Michael Andretti,McLaren,7,0,1993
12,Karl Wendlinger,Sauber,7,0,1993
13,Jyrki Järvilehto,Sauber,5,0,1993
14,Christian Fittipaldi,Minardi,5,0,1993
15,Mika Häkkinen,McLaren,4,0,1993
16,Derek Warwick,Footwork,4,0,1993
17,Philippe Alliot,Larrousse,2,0,1993
18,Rubens Barrichello,Jordan,2,0,1993
19,Fabrizio Barbazza,Minardi,2,0,1993
20,Alessandro Zanardi,Team Lotus,1,0,1993
1,Michael Schumacher,Benetton,92,8,1994
2,Damon Hill,Williams,91,6,1994
3,Gerhard Berger,Ferrari,41,1,1994
4,Mika Häkkinen,McLaren,26,0,1994
5,Jean Alesi,Ferrari,24,0,1994
6,Rubens Barrichello,Jordan,19,0,1994
7,Martin Brundle,McLaren,16,0,1994
8,David Coulthard,Williams,14,0,1994
9,Nigel Mansell,Williams,13,1,1994
10,Jos Verstappen,Benetton,10,0,1994
11,Olivier Panis,Ligier,9,0,1994
12,Mark Blundell,Tyrrell,8,0,1994
13,Heinz-Harald Frentzen,Sauber,7,0,1994
14,Nicola Larini,Ferrari,6,0,1994
15,Christian Fittipaldi,Footwork,6,0,1994
16,Eddie Irvine,Jordan,6,0,1994
17,Ukyo Katayama,Tyrrell,5,0,1994
18,Éric Bernard,Ligier/Team Lotus,4,0,1994
19,Karl Wendlinger,Sauber,4,0,1994
20,Andrea de Cesaris,Jordan/Sauber,4,0,1994
1,Michael Schumacher,Benetton,102,9,1995
2,Damon Hill,Williams,69,4,1995
3,David Coulthard,Williams,49,1,1995
4,Johnny Herbert,Benetton,45,2,1995
5,Jean Alesi,Ferrari,42,1,1995
6,Gerhard Berger,Ferrari,31,0,1995
7,Mika Häkkinen,McLaren,17,0,1995
8,Olivier Panis,Ligier,16,0,1995
9,Heinz-Harald Frentzen,Sauber,15,0,1995
10,Mark Blundell,McLaren,13,0,1995
11,Rubens Barrichello,Jordan,11,0,1995
12,Eddie Irvine,Jordan,10,0,1995
13,Martin Brundle,Ligier,7,0,1995
14,Gianni Morbidelli,Footwork,5,0,1995
15,Mika Salo,Tyrrell,5,0,1995
16,Jean-Christophe Boullion,Sauber,3,0,1995
17,Aguri Suzuki,Ligier,1,0,1995
18,Pedro Lamy,Minardi,1,0,1995
19,Pierluigi Martini,Minardi,0,0,1995
20,Ukyo Katayama,Tyrrell,0,0,1995
1,Damon Hill,Williams,97,8,1996
2,Jacques Villeneuve,Williams,78,4,1996
3,Michael Schumacher,Ferrari,59,3,1996
4,Jean Alesi,Benetton,47,0,1996
5,Mika Häkkinen,McLaren,31,0,1996
6,Gerhard Berger,Benetton,21,0,1996
7,David Coulthard,McLaren,18,0,1996
8,Rubens Barrichello,Jordan,14,0,1996
9,Olivier Panis,Ligier,13,1,1996
10,Eddie Irvine,Ferrari,11,0,1996
11,Martin Brundle,Jordan,8,0,1996
12,Heinz-Harald Frentzen,Sauber,7,0,1996
13,Mika Salo,Tyrrell,5,0,1996
14,Johnny Herbert,Sauber,4,0,1996
15,Pedro Diniz,Ligier,2,0,1996
16,Jos Verstappen,Footwork,1,0,1996
17,Ukyo Katayama,Tyrrell,0,0,1996
18,Ricardo Rosset,Footwork,0,0,1996
19,Giancarlo Fisichella,Minardi,0,0,1996
20,Pedro Lamy,Minardi,0,0,1996
1,Jacques Villeneuve,Williams,81,7,1997
2,Heinz-Harald Frentzen,Williams,42,1,1997
3,David Coulthard,McLaren,36,2,1997
4,Jean Alesi,Benetton,36,0,1997
5,Gerhard Berger,Benetton,27,1,1997
6,Mika Häkkinen,McLaren,27,1,1997
7,Eddie Irvine,Ferrari,24,0,1997
8,Giancarlo Fisichella,Jordan,20,0,1997
9,Olivier Panis,Prost,16,0,1997
10,Johnny Herbert,Sauber,15,0,1997
11,Ralf Schumacher,Jordan,13,0,1997
12,Damon Hill,Arrows,7,0,1997
13,Rubens Barrichello,Stewart,6,0,1997
14,Alexander Wurz,Benetton,4,0,1997
15,Jarno Trulli,Minardi/Prost,3,0,1997
16,Pedro Diniz,Arrows,2,0,1997
17,Mika Salo,Tyrrell,2,0,1997
18,Shinji Nakano,Prost,2,0,1997
19,Nicola Larini,Sauber,1,0,1997
20,Jan Magnussen,Stewart,0,0,1997
1,Mika Häkkinen,McLaren,100,8,1998
2,Michael Schumacher,Ferrari,86,6,1998
3,David Coulthard,McLaren,56,1,1998
4,Eddie Irvine,Ferrari,47,0,1998
5,Jacques Villeneuve,Williams,21,0,1998
6,Damon Hill,Jordan,20,1,1998
7,Heinz-Harald Frentzen,Williams,17,0,1998
8,Alexander Wurz,Benetton,17,0,1998
9,Giancarlo Fisichella,Benetton,16,0,1998
10,Ralf Schumacher,Jordan,14,0,1998
11,Jean Alesi,Sauber,9,0,1998
12,Rubens Barrichello,Stewart,4,0,1998
13,Mika Salo,Arrows,3,0,1998
14,Pedro Diniz,Arrows,3,0,1998
15,Johnny Herbert,Sauber,1,0,1998
16,Jarno Trulli,Prost,1,0,1998
17,Jan Magnussen,Stewart,1,0,1998
18,Shinji Nakano,Minardi,0,0,1998
19,Esteban Tuero,Minardi,0,0,1998
20,Ricardo Rosset,Tyrrell,0,0,1998
1,Mika Häkkinen,McLaren,76,5,1999
2,Eddie Irvine,Ferrari,74,4,1999
3,Heinz-Harald Frentzen,Jordan,54,2,1999
4,David Coulthard,McLaren,48,2,1999
5,Michael Schumacher,Ferrari,44,2,1999
6,Ralf Schumacher,Williams,35,0,1999
7,Rubens Barrichello,Stewart,21,0,1999
8,Johnny Herbert,Stewart,15,1,1999
9,Giancarlo Fisichella,Benetton,13,0,1999
10,Mika Salo,BAR/Ferrari,10,0,1999
11,Jarno Trulli,Prost,7,0,1999
12,Damon Hill,Jordan,7,0,1999
13,Alexander Wurz,Benetton,3,0,1999
14,Pedro Diniz,Sauber,3,0,1999
15,Jean Alesi,Sauber,2,0,1999
16,Olivier Panis,Prost,2,0,1999
17,Marc Gené,Minardi,1,0,1999
18,Pedro de la Rosa,Arrows,1,0,1999
19,Alessandro Zanardi,Williams,0,0,1999
20,Toranosuke Takagi,Arrows,0,0,1999
1,Michael Schumacher,Ferrari,108,9,2000
2,Mika Häkkinen,McLaren,89,4,2000
3,David Coulthard,McLaren,73,3,2000
4,Rubens Barrichello,Ferrari,62,1,2000
5,Ralf Schumacher,Williams,24,0,2000
6,Giancarlo Fisichella,Benetton,18,0,2000
7,Jacques Villeneuve,BAR,17,0,2000
8,Jenson Button,Williams,12,0,2000
9,Heinz-Harald Frentzen,Jordan,11,0,2000
10,Jarno Trulli,Jordan,6,0,2000
11,Mika Salo,Sauber,6,0,2000
12,Jos Verstappen,Arrows,5,0,2000
13,Eddie Irvine,Jaguar,4,0,2000
14,Ricardo Zonta,BAR,3,0,2000
15,Alexander Wurz,Benetton,2,0,2000
16,Pedro de la Rosa,Arrows,2,0,2000
17,Johnny Herbert,Jaguar,0,0,2000
18,Pedro Diniz,Sauber,0,0,2000
19,Marc Gené,Minardi,0,0,2000
20,Nick Heidfeld,Prost,0,0,2000
1,Michael Schumacher,Ferrari,123,9,2001
2,David Coulthard,McLaren,65,2,2001
3,Rubens Barrichello,Ferrari,56,0,2001
4,Ralf Schumacher,Williams,49,3,2001
5,Mika Häkkinen,McLaren,37,2,2001
6,Juan Pablo Montoya,Williams,31,1,2001
7,Jacques Villeneuve,BAR,12,0,2001
8,Nick Heidfeld,Sauber,12,0,2001
9,Jarno Trulli,Jordan,12,0,2001
10,Kimi Räikkönen,Sauber,9,0,2001
11,Giancarlo Fisichella,Benetton,8,0,2001
12,Eddie Irvine,Jaguar,6,0,2001
13,Heinz-Harald Frentzen,Jordan/Prost,6,0,2001
14,Olivier Panis,BAR,5,0,2001
15,Jean Alesi,Prost/Jordan,5,0,2001
16,Pedro de la Rosa,Jaguar,3,0,2001
17,Jenson Button,Benetton,2,0,2001
18,Jos Verstappen,Arrows,1,0,2001
19,Ricardo Zonta,Jordan,0,0,2001
20,Luciano Burti,Jaguar/Prost,0,0,2001
1,Michael Schumacher,Ferrari,144,11,2002
2,Rubens Barrichello,Ferrari,77,4,2002
3,Juan Pablo Montoya,Williams,50,0,2002
4,Ralf Schumacher,Williams,42,1,2002
5,David Coulthard,McLaren,41,1,2002
6,Kimi Räikkönen,McLaren,24,0,2002
7,Jenson Button,Renault,14,0,2002
8,Jarno Trulli,Renault,9,0,2002
9,Eddie Irvine,Jaguar,8,0,2002
10,Nick Heidfeld,Sauber,7,0,2002
11,Giancarlo Fisichella,Jordan,7,0,2002
12,Jacques Villeneuve,BAR,4,0,2002
13,Felipe Massa,Sauber,4,0,2002
14,Olivier Panis,BAR,3,0,2002
15,Takuma Sato,Jordan,2,0,2002
16,Mark Webber,Minardi,2,0,2002
17,Mika Salo,Toyota,2,0,2002
18,Heinz-Harald Frentzen,Arrows/Sauber,2,0,2002
19,Allan McNish,Toyota,0,0,2002
20,Alex Yoong,Minardi,0,0,2002
1,Michael Schumacher,Ferrari,93,6,2003
2,Kimi Räikkönen,McLaren,91,1,2003
3,Juan Pablo Montoya,Williams,82,2,2003
4,Rubens Barrichello,Ferrari,65,2,2003
5,Ralf Schumacher,Williams,58,2,2003
6,Fernando Alonso,Renault,55,1,2003
7,David Coulthard,McLaren,51,1,2003
8,Jarno Trulli,Renault,33,0,2003
9,Jenson Button,BAR,17,0,2003
10,Mark Webber,Jaguar,17,0,2003
11,Heinz-Harald Frentzen,Sauber,13,0,2003
12,Giancarlo Fisichella,Jordan,12,1,2003
13,Cristiano da Matta,Toyota,10,0,2003
14,Nick Heidfeld,Sauber,6,0,2003
15,Olivier Panis,Toyota,6,0,2003
16,Jacques Villeneuve,BAR,6,0,2003
17,Marc Gené,Williams,4,0,2003
18,Takuma Sato,BAR,3,0,2003
19,Ralph Firman,Jordan,1,0,2003
20,Justin Wilson,Minardi/Jaguar,1,0,2003
1,Michael Schumacher,Ferrari,148,13,2004
2,Rubens Barrichello,Ferrari,114,2,2004
3,Jenson Button,BAR,85,0,2004
4,Fernando Alonso,Renault,59,0,2004
5,Juan Pablo Montoya,Williams,58,1,2004
6,Jarno Trulli,Renault/Toyota,46,1,2004
7,Kimi Räikkönen,McLaren,45,1,2004
8,Takuma Sato,BAR,34,0,2004
9,Ralf Schumacher,Williams,24,0,2004
10,David Coulthard,McLaren,24,0,2004
11,Giancarlo Fisichella,Sauber,22,0,2004
12,Felipe Massa,Sauber,12,0,2004
13,Mark Webber,Jaguar,7,0,2004
14,Olivier Panis,Toyota,6,0,2004
15,Antônio Pizzonia,Williams,6,0,2004
16,Christian Klien,Jaguar,3,0,2004
17,Cristiano da Matta,Toyota,3,0,2004
18,Nick Heidfeld,Jordan,3,0,2004
19,Timo Glock,Jordan,2,0,2004
20,Zsolt Baumgartner,Minardi,1,0,2004
1,Fernando Alonso,Renault,133,7,2005
2,Kimi Räikkönen,McLaren,112,7,2005
3,Michael Schumacher,Ferrari,62,1,2005
4,Juan Pablo Montoya,McLaren,60,3,2005
5,Giancarlo Fisichella,Renault,58,1,2005
6,Ralf Schumacher,Toyota,45,0,2005
7,Jarno Trulli,Toyota,43,0,2005
8,Rubens Barrichello,Ferrari,38,0,2005
9,Jenson Button,BAR,37,0,2005
10,Mark Webber,Williams,36,0,2005
11,Nick Heidfeld,Williams,28,0,2005
12,David Coulthard,Red Bull,24,0,2005
13,Felipe Massa,Sauber,11,0,2005
14,Jacques Villeneuve,Sauber,9,0,2005
15,Christian Klien,Red Bull,9,0,2005
16,Tiago Monteiro,Jordan,7,0,2005
17,Alexander Wurz,McLaren,6,0,2005
18,Narain Karthikeyan,Jordan,5,0,2005
19,Christijan Albers,Minardi,4,0,2005
20,Pedro de la Rosa,McLaren,4,0,2005
1,Fernando Alonso,Renault,134,7,2006
2,Michael Schumacher,Ferrari,121,7,2006
3,Felipe Massa,Ferrari,80,2,2006
4,Giancarlo Fisichella,Renault,72,1,2006
5,Kimi Räikkönen,McLaren,65,0,2006
6,Jenson Button,Honda,56,1,2006
7,Rubens Barrichello,Honda,30,0,2006
8,Juan Pablo Montoya,McLaren,26,0,2006
9,Nick Heidfeld,BMW Sauber,23,0,2006
10,Ralf Schumacher,Toyota,20,0,2006
11,Pedro de la Rosa,McLaren,19,0,2006
12,Jarno Trulli,Toyota,15,0,2006
13,David Coulthard,Red Bull,14,0,2006
14,Mark Webber,Williams,7,0,2006
15,Jacques Villeneuve,BMW Sauber,7,0,2006
16,Robert Kubica,BMW Sauber,6,0,2006
17,Nico Rosberg,Williams,4,0,2006
18,Christian Klien,Red Bull,2,0,2006
19,Vitantonio Liuzzi,Toro Rosso,1,0,2006
20,Scott Speed,Toro Rosso,0,0,2006
1,Kimi Räikkönen,Ferrari,110,6,2007
2,Lewis Hamilton,McLaren,109,4,2007
3,Fernando Alonso,McLaren,109,4,2007
4,Felipe Massa,Ferrari,94,3,2007
5,Nick Heidfeld,BMW Sauber,61,0,2007
6,Robert Kubica,BMW Sauber,39,0,2007
7,Heikki Kovalainen,Renault,30,0,2007
8,Giancarlo Fisichella,Renault,21,0,2007
9,Nico Rosberg,Williams,20,0,2007
10,David Coulthard,Red Bull,14,0,2007
11,Alexander Wurz,Williams,13,0,2007
12,Mark Webber,Red Bull,10,0,2007
13,Jarno Trulli,Toyota,8,0,2007
14,Sebastian Vettel,BMW Sauber/Toro Rosso,6,0,2007
15,Jenson Button,Honda,6,0,2007
16,Ralf Schumacher,Toyota,5,0,2007
17,Takuma Sato,Super Aguri,4,0,2007
18,Vitantonio Liuzzi,Toro Rosso,3,0,2007
19,Adrian Sutil,Spyker,1,0,2007
20,Rubens Barrichello,Honda,0,0,2007
1,Lewis Hamilton,McLaren,98,5,2008
2,Felipe Massa,Ferrari,97,6,2008
3,Kimi Räikkönen,Ferrari,75,2,2008
4,Robert Kubica,BMW Sauber,75,1,2008
5,Fernando Alonso,Renault,61,2,2008
6,Nick Heidfeld,BMW Sauber,60,0,2008
7,Heikki Kovalainen,McLaren,53,1,2008
8,Sebastian Vettel,Toro Rosso,35,1,2008
9,Jarno Trulli,Toyota,31,0,2008
10,Timo Glock,Toyota,25,0,2008
11,Mark Webber,Red Bull,21,0,2008
12,Nelson Piquet Jr.,Renault,19,0,2008
13,Nico Rosberg,Williams,17,0,2008
14,Rubens Barrichello,Honda,11,0,2008
15,Kazuki Nakajima,Williams,9,0,2008
16,David Coulthard,Red Bull,8,0,2008
17,Sébastien Bourdais,Toro Rosso,4,0,2008
18,Jenson Button,Honda,3,0,2008
19,Giancarlo Fisichella,Force India,0,0,2008
20,Adrian Sutil,Force India,0,0,2008
1,Jenson Button,Brawn,95,6,2009
2,Sebastian Vettel,Red Bull,84,4,2009
3,Rubens Barrichello,Brawn,77,2,2009
4,Mark Webber,Red Bull,69.5,2,2009
5,Lewis Hamilton,McLaren,49,2,2009
6,Kimi Räikkönen,Ferrari,48,1,2009
7,Nico Rosberg,Williams,34.5,0,2009
8,Jarno Trulli,Toyota,32.5,0,2009
9,Fernando Alonso,Renault,26,0,2009
10,Timo Glock,Toyota,24,0,2009
11,Felipe Massa,Ferrari,22,0,2009
12,Heikki Kovalainen,McLaren,22,0,2009
13,Nick Heidfeld,BMW Sauber,19,0,2009
14,Robert Kubica,BMW Sauber,17,0,2009
15,Giancarlo Fisichella,Force India/Ferrari,8,0,2009
16,Sébastien Buemi,Toro Rosso,6,0,2009
17,Adrian Sutil,Force India,5,0,2009
18,Kamui Kobayashi,Toyota,3,0,2009
19,Sébastien Bourdais,Toro Rosso,2,0,2009
20,Kazuki Nakajima,Williams,0,0,2009
1,Sebastian Vettel,Red Bull,256,5,2010
2,Fernando Alonso,Ferrari,252,5,2010
3,Mark Webber,Red Bull,242,4,2010
4,Lewis Hamilton,McLaren,240,3,2010
5,Jenson Button,McLaren,214,2,2010
6,Felipe Massa,Ferrari,144,0,2010
7,Nico Rosberg,Mercedes,142,0,2010
8,Robert Kubica,Renault,136,0,2010
9,Michael Schumacher,Mercedes,72,0,2010
10,Rubens Barrichello,Williams,47,0,2010
11,Adrian Sutil,Force India,47,0,2010
12,Kamui Kobayashi,Sauber,32,0,2010
13,Vitaly Petrov,Renault,27,0,2010
14,Nico Hülkenberg,Williams,22,0,2010
15,Vitantonio Liuzzi,Force India,21,0,2010
16,Sébastien Buemi,Toro Rosso,8,0,2010
17,Pedro de la Rosa,Sauber,6,0,2010
18,Nick Heidfeld,Sauber,6,0,2010
19,Jaime Alguersuari,Toro Rosso,5,0,2010
20,Heikki Kovalainen,Lotus,0,0,2010
1,Sebastian Vettel,Red Bull,392,11,2011
2,Jenson Button,McLaren,270,3,2011
3,Mark Webber,Red Bull,258,1,2011
4,Fernando Alonso,Ferrari,257,1,2011
5,Lewis Hamilton,McLaren,227,3,2011
6,Felipe Massa,Ferrari,118,0,2011
7,Nico Rosberg,Mercedes,89,0,2011
8,Michael Schumacher,Mercedes,76,0,2011
9,Adrian Sutil,Force India,42,0,2011
10,Vitaly Petrov,Renault,37,0,2011
11,Nick Heidfeld,Renault,34,0,2011
12,Kamui Kobayashi,Sauber,30,0,2011
13,Paul di Resta,Force India,27,0,2011
14,Jaime Alguersuari,Toro Rosso,26,0,2011
15,Sébastien Buemi,Toro Rosso,15,0,2011
16,Sergio Pérez,Sauber,14,0,2011
17,Rubens Barrichello,Williams,4,0,2011
18,Bruno Senna,Renault,2,0,2011
19,Pastor Maldonado,Williams,1,0,2011
20,Pedro de la Rosa,Sauber,0,0,2011
1,Sebastian Vettel,Red Bull,281,5,2012
2,Fernando Alonso,Ferrari,278,3,2012
3,Kimi Räikkönen,Lotus F1,207,1,2012
4,Lewis Hamilton,McLaren,190,4,2012
5,Jenson Button,McLaren,188,3,2012
6,Mark Webber,Red Bull,179,2,2012
7,Felipe Massa,Ferrari,122,0,2012
8,Romain Grosjean,Lotus F1,96,0,2012
9,Nico Rosberg,Mercedes,93,1,2012
10,Sergio Pérez,Sauber,66,0,2012
11,Nico Hülkenberg,Force India,63,0,2012
12,Kamui Kobayashi,Sauber,60,0,2012
13,Michael Schumacher,Mercedes,49,0,2012
14,Paul di Resta,Force India,46,0,2012
15,Pastor Maldonado,Williams,45,1,2012
16,Bruno Senna,Williams,31,0,2012
17,Jean-Éric Vergne,Toro Rosso,16,0,2012
18,Daniel Ricciardo,Toro Rosso,10,0,2012
19,Vitaly Petrov,Caterham,0,0,2012
20,Timo Glock,Marussia,0,0,2012
1,Sebastian Vettel,Red Bull,397,13,2013
2,Fernando Alonso,Ferrari,242,2,2013
3,Mark Webber,Red Bull,199,0,2013
4,Lewis Hamilton,Mercedes,189,1,2013
5,Kimi Räikkönen,Lotus F1,183,1,2013
6,Nico Rosberg,Mercedes,171,2,2013
7,Romain Grosjean,Lotus F1,132,0,2013
8,Felipe Massa,Ferrari,112,0,2013
9,Jenson Button,McLaren,73,0,2013
10,Nico Hülkenberg,Sauber,51,0,2013
11,Sergio Pérez,McLaren,49,0,2013
12,Paul di Resta,Force India,48,0,2013
13,Adrian Sutil,Force India,29,0,2013
14,Daniel Ricciardo,Toro Rosso,20,0,2013
15,Jean-Éric Vergne,Toro Rosso,13,0,2013
16,Esteban Gutiérrez,Sauber,6,0,2013
17,Valtteri Bottas,Williams,4,0,2013
18,Pastor Maldonado,Williams,1,0,2013
19,Jules Bianchi,Marussia,0,0,2013
20,Charles Pic,Caterham,0,0,2013
1,Lewis Hamilton,Mercedes,384,11,2014
2,Nico Rosberg,Mercedes,317,5,2014
3,Daniel Ricciardo,Red Bull,238,3,2014
4,Valtteri Bottas,Williams,186,0,2014
5,Sebastian Vettel,Red Bull,167,0,2014
6,Fernando Alonso,Ferrari,161,0,2014
7,Felipe Massa,Williams,134,0,2014
8,Jenson Button,McLaren,126,0,2014
9,Nico Hülkenberg,Force India,96,0,2014
10,Sergio Pérez,Force India,59,0,2014
11,Kevin Magnussen,McLaren,55,0,2014
12,Kimi Räikkönen,Ferrari,55,0,2014
13,Jean-Éric Vergne,Toro Rosso,22,0,2014
14,Romain Grosjean,Lotus F1,8,0,2014
15,Daniil Kvyat,Toro Rosso,8,0,2014
16,Pastor Maldonado,Lotus F1,2,0,2014
17,Jules Bianchi,Marussia,2,0,2014
18,Adrian Sutil,Sauber,0,0,2014
19,Marcus Ericsson,Caterham,0,0,2014
20,Esteban Gutiérrez,Sauber,0,0,2014
1,Lewis Hamilton,Mercedes,381,10,2015
2,Nico Rosberg,Mercedes,322,6,2015
3,Sebastian Vettel,Ferrari,278,3,2015
4,Kimi Räikkönen,Ferrari,150,0,2015
5,Valtteri Bottas,Williams,136,0,2015
6,Felipe Massa,Williams,121,0,2015
7,Daniil Kvyat,Red Bull,95,0,2015
8,Daniel Ricciardo,Red Bull,92,0,2015
9,Sergio Pérez,Force India,78,0,2015
10,Nico Hülkenberg,Force India,58,0,2015
11,Romain Grosjean,Lotus F1,51,0,2015
12,Max Verstappen,Toro Rosso,49,0,2015
13,Felipe Nasr,Sauber,27,0,2015
14,Pastor Maldonado,Lotus F1,27,0,2015
15,Carlos Sainz,Toro Rosso,18,0,2015
16,Jenson Button,McLaren,16,0,2015
17,Fernando Alonso,McLaren,11,0,2015
18,Marcus Ericsson,Sauber,9,0,2015
19,Roberto Merhi,Manor Marussia,0,0,2015
20,Alexander Rossi,Manor Marussia,0,0,2015
1,Nico Rosberg,Mercedes,385,9,2016
2,Lewis Hamilton,Mercedes,380,10,2016
3,Daniel Ricciardo,Red Bull,256,1,2016
4,Sebastian Vettel,Ferrari,212,0,2016
5,Max Verstappen,Toro Rosso/Red Bull,204,1,2016
6,Kimi Räikkönen,Ferrari,186,0,2016
7,Sergio Pérez,Force India,101,0,2016
8,Valtteri Bottas,Williams,85,0,2016
9,Nico Hülkenberg,Force India,72,0,2016
10,Fernando Alonso,McLaren,54,0,2016
11,Felipe Massa,Williams,53,0,2016
12,Carlos Sainz,Toro Rosso,46,0,2016
13,Romain Grosjean,Haas F1 Team,29,0,2016
14,Daniil Kvyat,Red Bull/Toro Rosso,25,0,2016
15,Jenson Button,McLaren,21,0,2016
16,Kevin Magnussen,Renault,7,0,2016
17,Felipe Nasr,Sauber,2,0,2016
18,Jolyon Palmer,Renault,1,0,2016
19,Pascal Wehrlein,Manor Marussia,1,0,2016
20,Stoffel Vandoorne,McLaren,1,0,2016
1,Lewis Hamilton,Mercedes,363,9,2017
2,Sebastian Vettel,Ferrari,317,5,2017
3,Valtteri Bottas,Mercedes,305,3,2017
4,Kimi Räikkönen,Ferrari,205,0,2017
5,Daniel Ricciardo,Red Bull,200,1,2017
6,Max Verstappen,Red Bull,168,2,2017
7,Sergio Pérez,Force India,100,0,2017
8,Esteban Ocon,Force India,87,0,2017
9,Carlos Sainz,Toro Rosso/Renault,54,0,2017
10,Nico Hülkenberg,Renault,43,0,2017
11,Felipe Massa,Williams,43,0,2017
12,Lance Stroll,Williams,40,0,2017
13,Romain Grosjean,Haas F1 Team,28,0,2017
14,Kevin Magnussen,Haas F1 Team,19,0,2017
15,Fernando Alonso,McLaren,17,0,2017
16,Stoffel Vandoorne,McLaren,13,0,2017
17,Jolyon Palmer,Renault,8,0,2017
18,Pascal Wehrlein,Sauber,5,0,2017
19,Daniil Kvyat,Toro Rosso,5,0,2017
20,Marcus Ericsson,Sauber,0,0,2017
1,Lewis Hamilton,Mercedes,408,11,2018
2,Sebastian Vettel,Ferrari,320,5,2018
3,Kimi Räikkönen,Ferrari,251,1,2018
4,Max Verstappen,Red Bull,249,2,2018
5,Valtteri Bottas,Mercedes,247,0,2018
6,Daniel Ricciardo,Red Bull,170,2,2018
7,Nico Hülkenberg,Renault,69,0,2018
8,Sergio Pérez,Force India,62,0,2018
9,Kevin Magnussen,Haas F1 Team,56,0,2018
10,Carlos Sainz,Renault,53,0,2018
11,Fernando Alonso,McLaren,50,0,2018
12,Esteban Ocon,Force India,49,0,2018
13,Charles Leclerc,Sauber,39,0,2018
14,Romain Grosjean,Haas F1 Team,37,0,2018
15,Pierre Gasly,Toro Rosso,29,0,2018
16,Stoffel Vandoorne,McLaren,12,0,2018
17,Marcus Ericsson,Sauber,9,0,2018
18,Lance Stroll,Williams,6,0,2018
19,Brendon Hartley,Toro Rosso,4,0,2018
20,Sergey Sirotkin,Williams,1,0,2018
1,Lewis Hamilton,Mercedes,413,11,2019
2,Valtteri Bottas,Mercedes,326,4,2019
3,Max Verstappen,Red Bull,278,3,2019
4,Charles Leclerc,Ferrari,264,2,2019
5,Sebastian Vettel,Ferrari,240,1,2019
6,Carlos Sainz,McLaren,96,0,2019
7,Pierre Gasly,Red Bull/Toro Rosso,95,0,2019
8,Alexander Albon,Toro Rosso/Red Bull,92,0,2019
9,Daniel Ricciardo,Renault,54,0,2019
10,Sergio Pérez,Racing Point,52,0,2019
11,Lando Norris,McLaren,49,0,2019
12,Kimi Räikkönen,Alfa Romeo,43,0,2019
13,Daniil Kvyat,Toro Rosso,37,0,2019
14,Nico Hülkenberg,Renault,37,0,2019
15,Lance Stroll,Racing Point,21,0,2019
16,Kevin Magnussen,Haas F1 Team,20,0,2019
17,Antonio Giovinazzi,Alfa Romeo,14,0,2019
18,Romain Grosjean,Haas F1 Team,8,0,2019
19,Robert Kubica,Williams,1,0,2019
20,George Russell,Williams,0,0,2019
1,Lewis Hamilton,Mercedes,347,11,2020
2,Valtteri Bottas,Mercedes,223,2,2020
3,Max Verstappen,Red Bull,214,2,2020
4,Sergio Pérez,Racing Point,125,1,2020
5,Daniel Ricciardo,Renault,119,0,2020
6,Carlos Sainz,McLaren,105,0,2020
7,Alexander Albon,Red Bull,105,0,2020
8,Charles Leclerc,Ferrari,98,0,2020
9,Lando Norris,McLaren,97,0,2020
10,Pierre Gasly,AlphaTauri,75,1,2020
11,Lance Stroll,Racing Point,75,0,2020
12,Esteban Ocon,Renault,62,0,2020
13,Sebastian Vettel,Ferrari,33,0,2020
14,Daniil Kvyat,AlphaTauri,32,0,2020
15,Nico Hülkenberg,Racing Point,10,0,2020
16,Kimi Räikkönen,Alfa Romeo,4,0,2020
17,Antonio Giovinazzi,Alfa Romeo,4,0,2020
18,George Russell,Williams/Mercedes,3,0,2020
19,Romain Grosjean,Haas F1 Team,2,0,2020
20,Kevin Magnussen,Haas F1 Team,1,0,2020
1,Max Verstappen,Red Bull,395.5,10,2021
2,Lewis Hamilton,Mercedes,387.5,8,2021
3,Valtteri Bottas,Mercedes,226,1,2021
4,Sergio Pérez,Red Bull,190,1,2021
5,Carlos Sainz,Ferrari,164.5,0,2021
6,Lando Norris,McLaren,160,0,2021
7,Charles Leclerc,Ferrari,159,0,2021
8,Daniel Ricciardo,McLaren,115,1,2021
9,Pierre Gasly,AlphaTauri,110,0,2021
10,Fernando Alonso,Alpine F1 Team,81,0,2021
11,Esteban Ocon,Alpine F1 Team,74,1,2021
12,Sebastian Vettel,Aston Martin,43,0,2021
13,Lance Stroll,Aston Martin,34,0,2021
14,Yuki Tsunoda,AlphaTauri,32,0,2021
15,George Russell,Williams,16,0,2021
16,Kimi Räikkönen,Alfa Romeo,10,0,2021
17,Nicholas Latifi,Williams,7,0,2021
18,Antonio Giovinazzi,Alfa Romeo,3,0,2021
19,Mick Schumacher,Haas F1 Team,0,0,2021
20,Robert Kubica,Alfa Romeo,0,0,2021
1,Max Verstappen,Red Bull,454,15,2022
2,Charles Leclerc,Ferrari,308,3,2022
3,Sergio Pérez,Red Bull,305,2,2022
4,George Russell,Mercedes,275,1,2022
5,Carlos Sainz,Ferrari,246,1,2022
6,Lewis Hamilton,Mercedes,240,0,2022
7,Lando Norris,McLaren,122,0,2022
8,Esteban Ocon,Alpine F1 Team,92,0,2022
9,Fernando Alonso,Alpine F1 Team,81,0,2022
10,Valtteri Bottas,Alfa Romeo,49,0,2022
11,Daniel Ricciardo,McLaren,37,0,2022
12,Sebastian Vettel,Aston Martin,37,0,2022
13,Kevin Magnussen,Haas F1 Team,25,0,2022
14,Pierre Gasly,AlphaTauri,23,0,2022
15,Lance Stroll,Aston Martin,18,0,2022
16,Mick Schumacher,Haas F1 Team,12,0,2022
17,Yuki Tsunoda,AlphaTauri,12,0,2022
18,Guanyu Zhou,Alfa Romeo,6,0,2022
19,Alexander Albon,Williams,4,0,2022
20,Nicholas Latifi,Williams,2,0,2022
1,Max Verstappen,Red Bull,69,2,2023
2,Sergio Pérez,Red Bull,54,1,2023
3,Fernando Alonso,Aston Martin,45,0,2023
4,Lewis Hamilton,Mercedes,38,0,2023
5,Carlos Sainz,Ferrari,20,0,2023
6,Lance Stroll,Aston Martin,20,0,2023
7,George Russell,Mercedes,18,0,2023
8,Lando Norris,McLaren,8,0,2023
9,Nico Hülkenberg,Haas F1 Team,6,0,2023
10,Charles Leclerc,Ferrari,6,0,2023
11,Valtteri Bottas,Alfa Romeo,4,0,2023
12,Esteban Ocon,Alpine F1 Team,4,0,2023
13,Oscar Piastri,McLaren,4,0,2023
14,Pierre Gasly,Alpine F1 Team,4,0,2023
15,Guanyu Zhou,Alfa Romeo,2,0,2023
16,Yuki Tsunoda,AlphaTauri,1,0,2023
17,Kevin Magnussen,Haas F1 Team,1,0,2023
18,Alexander Albon,Williams,1,0,2023
19,Logan Sargeant,Williams,0,0,2023
20,Nyck de Vries,AlphaTauri,0,0,2023
